{"cameraMode":{"drawMode":0,"name":"Shaded","section":"Shading Mode"},"sceneLighting":true,"audioPlay":false,"sceneViewState":{"showFog":false,"showMaterialUpdate":false,"showSkybox":false,"showFlares":false,"showImageEffects":false,"showParticleSystems":false},"in2DMode":false,"pivot":{"x":12.703003883361817,"y":96.37377166748047,"z":15.24271011352539},"rotation":{"x":0.143153116106987,"y":0.2506175637245178,"z":-0.03750494867563248,"w":0.9567118287086487},"size":27.297683715820314,"orthographic":false}